Volunteer_ID,Program_Id,Coach_Id,Name,Start_Date,End_Date
1,1,1,Alex Johnson,2023-01-15,2023-07-15
2,2,2,Brianna Smith,2023-02-01,2023-08-01
3,3,3,Carlos Ray,2023-03-10,2023-09-10
4,4,4,Diana Grace,2023-04-05,2023-10-05
5,5,5,Evan Wallace,2023-05-20,2023-11-20
6,6,6,Fiona Gallagher,2023-06-15,2023-12-15
7,7,7,George Knight,2023-07-01,2024-01-01
8,8,8,Hannah Zest,2023-08-08,2024-02-08
9,9,9,Ian Dexter,2023-09-12,2024-03-12
10,10,10,Julia Parks,2023-10-17,2024-04-17
11,11,11,Kevin Malone,2023-11-22,2024-05-22
12,12,12,Linda Gale,2023-12-30,2024-06-30
13,13,13,Mike Donovan,2023-01-09,2023-07-09
14,14,14,Nina Ochoa,2023-02-14,2023-08-14
15,15,15,Oscar Peters,2023-03-19,2023-09-19
16,16,16,Pamela Rose,2023-04-23,2023-10-23
17,17,17,Quinn Fabray,2023-05-28,2023-11-28
18,18,18,Rita Sands,2023-06-02,2023-12-02
19,19,19,Steve Jobs,2023-07-07,2024-01-07
20,20,20,Tina Fey,2023-08-12,2024-02-12
21,21,21,Uma Thurman,2023-09-17,2024-03-17
22,22,22,Victor Vance,2023-10-22,2024-04-22
23,23,23,Wendy Darling,2023-11-27,2024-05-27
24,24,24,Xander York,2023-12-02,2024-06-02
25,25,25,Yara Greyjoy,2024-01-07,2024-07-07
